[
    {
        "model": "admin.logentry",
        "pk": 1,
        "fields": {
            "action_time": "2023-03-11T21:49:25.896Z",
            "user": 1,
            "content_type": 7,
            "object_id": "1",
            "object_repr": "spam:+918900000006(possUser6Spam)",
            "action_flag": 3,
            "change_message": ""
        }
    },
    {
        "model": "admin.logentry",
        "pk": 2,
        "fields": {
            "action_time": "2023-03-11T22:40:40.020Z",
            "user": 1,
            "content_type": 8,
            "object_id": "7",
            "object_repr": "+918900000003 -> +918900000002(user2)*(userTwo)",
            "action_flag": 1,
            "change_message": "[{\"added\": {}}]"
        }
    },
    {
        "model": "admin.logentry",
        "pk": 3,
        "fields": {
            "action_time": "2023-03-12T01:48:10.815Z",
            "user": 1,
            "content_type": 6,
            "object_id": "+918076407922",
            "object_repr": "+918076407922",
            "action_flag": 1,
            "change_message": "[{\"added\": {}}]"
        }
    },
    {
        "model": "admin.logentry",
        "pk": 4,
        "fields": {
            "action_time": "2023-03-12T01:48:18.492Z",
            "user": 1,
            "content_type": 8,
            "object_id": "9",
            "object_repr": "+918900000000 -> +918076407922(friend)",
            "action_flag": 1,
            "change_message": "[{\"added\": {}}]"
        }
    },
    {
        "model": "admin.logentry",
        "pk": 5,
        "fields": {
            "action_time": "2023-03-12T01:54:32.590Z",
            "user": 1,
            "content_type": 8,
            "object_id": "10",
            "object_repr": "+918900000003 -> +918900000007(seven)",
            "action_flag": 1,
            "change_message": "[{\"added\": {}}]"
        }
    },
    {
        "model": "admin.logentry",
        "pk": 6,
        "fields": {
            "action_time": "2023-03-12T02:32:58.614Z",
            "user": 1,
            "content_type": 9,
            "object_id": "9",
            "object_repr": "+918900000009(user9)",
            "action_flag": 3,
            "change_message": ""
        }
    },
    {
        "model": "auth.permission",
        "pk": 1,
        "fields": {
            "name": "Can add log entry",
            "content_type": 1,
            "codename": "add_logentry"
        }
    },
    {
        "model": "auth.permission",
        "pk": 2,
        "fields": {
            "name": "Can change log entry",
            "content_type": 1,
            "codename": "change_logentry"
        }
    },
    {
        "model": "auth.permission",
        "pk": 3,
        "fields": {
            "name": "Can delete log entry",
            "content_type": 1,
            "codename": "delete_logentry"
        }
    },
    {
        "model": "auth.permission",
        "pk": 4,
        "fields": {
            "name": "Can view log entry",
            "content_type": 1,
            "codename": "view_logentry"
        }
    },
    {
        "model": "auth.permission",
        "pk": 5,
        "fields": {
            "name": "Can add permission",
            "content_type": 2,
            "codename": "add_permission"
        }
    },
    {
        "model": "auth.permission",
        "pk": 6,
        "fields": {
            "name": "Can change permission",
            "content_type": 2,
            "codename": "change_permission"
        }
    },
    {
        "model": "auth.permission",
        "pk": 7,
        "fields": {
            "name": "Can delete permission",
            "content_type": 2,
            "codename": "delete_permission"
        }
    },
    {
        "model": "auth.permission",
        "pk": 8,
        "fields": {
            "name": "Can view permission",
            "content_type": 2,
            "codename": "view_permission"
        }
    },
    {
        "model": "auth.permission",
        "pk": 9,
        "fields": {
            "name": "Can add group",
            "content_type": 3,
            "codename": "add_group"
        }
    },
    {
        "model": "auth.permission",
        "pk": 10,
        "fields": {
            "name": "Can change group",
            "content_type": 3,
            "codename": "change_group"
        }
    },
    {
        "model": "auth.permission",
        "pk": 11,
        "fields": {
            "name": "Can delete group",
            "content_type": 3,
            "codename": "delete_group"
        }
    },
    {
        "model": "auth.permission",
        "pk": 12,
        "fields": {
            "name": "Can view group",
            "content_type": 3,
            "codename": "view_group"
        }
    },
    {
        "model": "auth.permission",
        "pk": 13,
        "fields": {
            "name": "Can add content type",
            "content_type": 4,
            "codename": "add_contenttype"
        }
    },
    {
        "model": "auth.permission",
        "pk": 14,
        "fields": {
            "name": "Can change content type",
            "content_type": 4,
            "codename": "change_contenttype"
        }
    },
    {
        "model": "auth.permission",
        "pk": 15,
        "fields": {
            "name": "Can delete content type",
            "content_type": 4,
            "codename": "delete_contenttype"
        }
    },
    {
        "model": "auth.permission",
        "pk": 16,
        "fields": {
            "name": "Can view content type",
            "content_type": 4,
            "codename": "view_contenttype"
        }
    },
    {
        "model": "auth.permission",
        "pk": 17,
        "fields": {
            "name": "Can add session",
            "content_type": 5,
            "codename": "add_session"
        }
    },
    {
        "model": "auth.permission",
        "pk": 18,
        "fields": {
            "name": "Can change session",
            "content_type": 5,
            "codename": "change_session"
        }
    },
    {
        "model": "auth.permission",
        "pk": 19,
        "fields": {
            "name": "Can delete session",
            "content_type": 5,
            "codename": "delete_session"
        }
    },
    {
        "model": "auth.permission",
        "pk": 20,
        "fields": {
            "name": "Can view session",
            "content_type": 5,
            "codename": "view_session"
        }
    },
    {
        "model": "auth.permission",
        "pk": 21,
        "fields": {
            "name": "Can add phone directory",
            "content_type": 6,
            "codename": "add_phonedirectory"
        }
    },
    {
        "model": "auth.permission",
        "pk": 22,
        "fields": {
            "name": "Can change phone directory",
            "content_type": 6,
            "codename": "change_phonedirectory"
        }
    },
    {
        "model": "auth.permission",
        "pk": 23,
        "fields": {
            "name": "Can delete phone directory",
            "content_type": 6,
            "codename": "delete_phonedirectory"
        }
    },
    {
        "model": "auth.permission",
        "pk": 24,
        "fields": {
            "name": "Can view phone directory",
            "content_type": 6,
            "codename": "view_phonedirectory"
        }
    },
    {
        "model": "auth.permission",
        "pk": 25,
        "fields": {
            "name": "Can add spam data",
            "content_type": 7,
            "codename": "add_spamdata"
        }
    },
    {
        "model": "auth.permission",
        "pk": 26,
        "fields": {
            "name": "Can change spam data",
            "content_type": 7,
            "codename": "change_spamdata"
        }
    },
    {
        "model": "auth.permission",
        "pk": 27,
        "fields": {
            "name": "Can delete spam data",
            "content_type": 7,
            "codename": "delete_spamdata"
        }
    },
    {
        "model": "auth.permission",
        "pk": 28,
        "fields": {
            "name": "Can view spam data",
            "content_type": 7,
            "codename": "view_spamdata"
        }
    },
    {
        "model": "auth.permission",
        "pk": 29,
        "fields": {
            "name": "Can add contact",
            "content_type": 8,
            "codename": "add_contact"
        }
    },
    {
        "model": "auth.permission",
        "pk": 30,
        "fields": {
            "name": "Can change contact",
            "content_type": 8,
            "codename": "change_contact"
        }
    },
    {
        "model": "auth.permission",
        "pk": 31,
        "fields": {
            "name": "Can delete contact",
            "content_type": 8,
            "codename": "delete_contact"
        }
    },
    {
        "model": "auth.permission",
        "pk": 32,
        "fields": {
            "name": "Can view contact",
            "content_type": 8,
            "codename": "view_contact"
        }
    },
    {
        "model": "auth.permission",
        "pk": 33,
        "fields": {
            "name": "Can add user",
            "content_type": 9,
            "codename": "add_authuser"
        }
    },
    {
        "model": "auth.permission",
        "pk": 34,
        "fields": {
            "name": "Can change user",
            "content_type": 9,
            "codename": "change_authuser"
        }
    },
    {
        "model": "auth.permission",
        "pk": 35,
        "fields": {
            "name": "Can delete user",
            "content_type": 9,
            "codename": "delete_authuser"
        }
    },
    {
        "model": "auth.permission",
        "pk": 36,
        "fields": {
            "name": "Can view user",
            "content_type": 9,
            "codename": "view_authuser"
        }
    },
    {
        "model": "contenttypes.contenttype",
        "pk": 1,
        "fields": {
            "app_label": "admin",
            "model": "logentry"
        }
    },
    {
        "model": "contenttypes.contenttype",
        "pk": 2,
        "fields": {
            "app_label": "auth",
            "model": "permission"
        }
    },
    {
        "model": "contenttypes.contenttype",
        "pk": 3,
        "fields": {
            "app_label": "auth",
            "model": "group"
        }
    },
    {
        "model": "contenttypes.contenttype",
        "pk": 4,
        "fields": {
            "app_label": "contenttypes",
            "model": "contenttype"
        }
    },
    {
        "model": "contenttypes.contenttype",
        "pk": 5,
        "fields": {
            "app_label": "sessions",
            "model": "session"
        }
    },
    {
        "model": "contenttypes.contenttype",
        "pk": 6,
        "fields": {
            "app_label": "core",
            "model": "phonedirectory"
        }
    },
    {
        "model": "contenttypes.contenttype",
        "pk": 7,
        "fields": {
            "app_label": "core",
            "model": "spamdata"
        }
    },
    {
        "model": "contenttypes.contenttype",
        "pk": 8,
        "fields": {
            "app_label": "core",
            "model": "contact"
        }
    },
    {
        "model": "contenttypes.contenttype",
        "pk": 9,
        "fields": {
            "app_label": "user",
            "model": "authuser"
        }
    },
    {
        "model": "sessions.session",
        "pk": "31svvolnlj9akpwmuaf9kuu0yy93tx28",
        "fields": {
            "session_data": ".eJxVjEsOAiEQBe_C2hA-DYhL956B0HQrowaSYWZlvLtOMgvdvqp6L5HyutS0Dp7TROIktDj8bpjLg9sG6J7brcvS2zJPKDdF7nTISyd-nnf376DmUb-1hWKVJxOYAJzzsZAzjoELHnX2GgFZRWNiUIZsRDLa2wCAha45WCveH87RN2g:1pbChg:1CGAcRiYfxXtie4Td9Ca9wnx-JmfmnBFym133CpPz4k",
            "expire_date": "2023-03-26T03:49:00.770Z"
        }
    },
    {
        "model": "core.phonedirectory",
        "pk": "+918076407922",
        "fields": {
            "user": null
        }
    },
    {
        "model": "core.phonedirectory",
        "pk": "+918600000000",
        "fields": {
            "user": 1
        }
    },
    {
        "model": "core.phonedirectory",
        "pk": "+918900000000",
        "fields": {
            "user": 2
        }
    },
    {
        "model": "core.phonedirectory",
        "pk": "+918900000001",
        "fields": {
            "user": 3
        }
    },
    {
        "model": "core.phonedirectory",
        "pk": "+918900000002",
        "fields": {
            "user": 4
        }
    },
    {
        "model": "core.phonedirectory",
        "pk": "+918900000003",
        "fields": {
            "user": 5
        }
    },
    {
        "model": "core.phonedirectory",
        "pk": "+918900000004",
        "fields": {
            "user": null
        }
    },
    {
        "model": "core.phonedirectory",
        "pk": "+918900000005",
        "fields": {
            "user": 6
        }
    },
    {
        "model": "core.phonedirectory",
        "pk": "+918900000006",
        "fields": {
            "user": 7
        }
    },
    {
        "model": "core.phonedirectory",
        "pk": "+918900000007",
        "fields": {
            "user": null
        }
    },
    {
        "model": "core.phonedirectory",
        "pk": "+918900000008",
        "fields": {
            "user": 8
        }
    },
    {
        "model": "core.phonedirectory",
        "pk": "+918900000009",
        "fields": {
            "user": 10
        }
    },
    {
        "model": "core.phonedirectory",
        "pk": "+918900000010",
        "fields": {
            "user": 11
        }
    },
    {
        "model": "core.contact",
        "pk": 1,
        "fields": {
            "user": 2,
            "phone": "+918900000001",
            "name": "userOne"
        }
    },
    {
        "model": "core.contact",
        "pk": 2,
        "fields": {
            "user": 2,
            "phone": "+918900000003",
            "name": "userTwo"
        }
    },
    {
        "model": "core.contact",
        "pk": 3,
        "fields": {
            "user": 2,
            "phone": "+918900000005",
            "name": "user5"
        }
    },
    {
        "model": "core.contact",
        "pk": 4,
        "fields": {
            "user": 1,
            "phone": "+918900000001",
            "name": "user1"
        }
    },
    {
        "model": "core.contact",
        "pk": 5,
        "fields": {
            "user": 1,
            "phone": "+918900000002",
            "name": null
        }
    },
    {
        "model": "core.contact",
        "pk": 6,
        "fields": {
            "user": 1,
            "phone": "+918900000006",
            "name": "user6"
        }
    },
    {
        "model": "core.contact",
        "pk": 7,
        "fields": {
            "user": 5,
            "phone": "+918900000002",
            "name": "userTwo"
        }
    },
    {
        "model": "core.contact",
        "pk": 8,
        "fields": {
            "user": 7,
            "phone": "+918900000005",
            "name": "userFive"
        }
    },
    {
        "model": "core.contact",
        "pk": 9,
        "fields": {
            "user": 2,
            "phone": "+918076407922",
            "name": "friend"
        }
    },
    {
        "model": "core.contact",
        "pk": 10,
        "fields": {
            "user": 5,
            "phone": "+918900000007",
            "name": "seven"
        }
    },
    {
        "model": "core.contact",
        "pk": 11,
        "fields": {
            "user": 11,
            "phone": "+918600000000",
            "name": "admin"
        }
    },
    {
        "model": "core.spamdata",
        "pk": 2,
        "fields": {
            "target_phone": "+918900000006",
            "reporter_phone": 1,
            "name": "possUser6Spam"
        }
    },
    {
        "model": "core.spamdata",
        "pk": 3,
        "fields": {
            "target_phone": "+918900000002",
            "reporter_phone": 1,
            "name": null
        }
    },
    {
        "model": "core.spamdata",
        "pk": 4,
        "fields": {
            "target_phone": "+918900000002",
            "reporter_phone": 6,
            "name": "scammerUser2Two"
        }
    },
    {
        "model": "core.spamdata",
        "pk": 5,
        "fields": {
            "target_phone": "+918900000001",
            "reporter_phone": 5,
            "name": "someScammerUser"
        }
    },
    {
        "model": "core.spamdata",
        "pk": 6,
        "fields": {
            "target_phone": "+918900000007",
            "reporter_phone": 5,
            "name": null
        }
    },
    {
        "model": "core.spamdata",
        "pk": 7,
        "fields": {
            "target_phone": "+918900000007",
            "reporter_phone": 7,
            "name": "seven"
        }
    },
    {
        "model": "core.spamdata",
        "pk": 8,
        "fields": {
            "target_phone": "+918900000004",
            "reporter_phone": 11,
            "name": "use4er"
        }
    },
    {
        "model": "user.authuser",
        "pk": 1,
        "fields": {
            "password": "pbkdf2_sha256$260000$kGTR66oKzGQkwx5ANFaHnQ$6asO7mWllfY7cijHx0zCDC40HRCGGYeVaHM1mU6Qt/s=",
            "last_login": "2023-03-12T03:49:00.661Z",
            "is_superuser": true,
            "first_name": "",
            "last_name": "",
            "is_staff": true,
            "is_active": true,
            "date_joined": "2023-03-11T21:12:32.391Z",
            "username": "j9admin",
            "phone": "+918600000000",
            "email": "",
            "groups": [],
            "user_permissions": []
        }
    },
    {
        "model": "user.authuser",
        "pk": 2,
        "fields": {
            "password": "pbkdf2_sha256$260000$JVQC67uUiEZlCFjdk78LYN$9HAbsJLsseb3oUDATfb3ckpySSQbNqgq8pGnlccWgRA=",
            "last_login": null,
            "is_superuser": false,
            "first_name": "",
            "last_name": "",
            "is_staff": false,
            "is_active": true,
            "date_joined": "2023-03-11T21:13:31.448Z",
            "username": "user1",
            "phone": "+918900000000",
            "email": null,
            "groups": [],
            "user_permissions": []
        }
    },
    {
        "model": "user.authuser",
        "pk": 3,
        "fields": {
            "password": "pbkdf2_sha256$260000$Nwk8Y3r4zm9FfAWP1FyD8c$nebP+lLbBzITJ3WsiP9k3HuA2YNNPjEnPXzvhQLI21A=",
            "last_login": null,
            "is_superuser": false,
            "first_name": "",
            "last_name": "",
            "is_staff": false,
            "is_active": true,
            "date_joined": "2023-03-11T21:14:00.951Z",
            "username": "user1",
            "phone": "+918900000001",
            "email": "user1@gmail.com",
            "groups": [],
            "user_permissions": []
        }
    },
    {
        "model": "user.authuser",
        "pk": 4,
        "fields": {
            "password": "pbkdf2_sha256$260000$Kn5aJmZANjkJuJGQLTu1re$RQWqRx3k+1vcVQe+BJd9wTif1oDJFSwxv/K616DhF+c=",
            "last_login": null,
            "is_superuser": false,
            "first_name": "",
            "last_name": "",
            "is_staff": false,
            "is_active": true,
            "date_joined": "2023-03-11T21:14:12.332Z",
            "username": "user2",
            "phone": "+918900000002",
            "email": null,
            "groups": [],
            "user_permissions": []
        }
    },
    {
        "model": "user.authuser",
        "pk": 5,
        "fields": {
            "password": "pbkdf2_sha256$260000$lgiXMxx1LUekrLdACO0DLX$3Y8NFxpSDXW06PaSoLggXu/3Zp7C+XGDpNBH2mivu8E=",
            "last_login": null,
            "is_superuser": false,
            "first_name": "",
            "last_name": "",
            "is_staff": false,
            "is_active": true,
            "date_joined": "2023-03-11T21:14:30.219Z",
            "username": "user2",
            "phone": "+918900000003",
            "email": "user3@gmail.com",
            "groups": [],
            "user_permissions": []
        }
    },
    {
        "model": "user.authuser",
        "pk": 6,
        "fields": {
            "password": "pbkdf2_sha256$260000$fBheGDaQ7dcEYHC0VOb7yz$2M4gtXxUQAOOy6itqB4PuvEvTCiXWvd8VzKSvN7ilYk=",
            "last_login": null,
            "is_superuser": false,
            "first_name": "",
            "last_name": "",
            "is_staff": false,
            "is_active": true,
            "date_joined": "2023-03-11T21:53:00.349Z",
            "username": "user5",
            "phone": "+918900000005",
            "email": "user5@gmail.com",
            "groups": [],
            "user_permissions": []
        }
    },
    {
        "model": "user.authuser",
        "pk": 7,
        "fields": {
            "password": "pbkdf2_sha256$260000$wsopI3Y3msQ433cBAGx9CH$RRV8kWurd8XT6pM8tE0GdInvPmaetaQ+p2HCmq4+Bxc=",
            "last_login": null,
            "is_superuser": false,
            "first_name": "",
            "last_name": "",
            "is_staff": false,
            "is_active": true,
            "date_joined": "2023-03-12T00:24:23.985Z",
            "username": "user6",
            "phone": "+918900000006",
            "email": "user6@gmail.com",
            "groups": [],
            "user_permissions": []
        }
    },
    {
        "model": "user.authuser",
        "pk": 8,
        "fields": {
            "password": "pbkdf2_sha256$260000$HUqTXp69Uz7Ir9Vk7PkPP0$TCVx7bStBgQytN+NDeJnj/ewImxusZs5Cp7B6sazhIA=",
            "last_login": null,
            "is_superuser": false,
            "first_name": "",
            "last_name": "",
            "is_staff": false,
            "is_active": true,
            "date_joined": "2023-03-12T01:29:43.968Z",
            "username": "user8",
            "phone": "+918900000008",
            "email": "user8@gmail.com",
            "groups": [],
            "user_permissions": []
        }
    },
    {
        "model": "user.authuser",
        "pk": 10,
        "fields": {
            "password": "pbkdf2_sha256$260000$IDupYulMjZ6fVPHK9vuXEK$qXvgdGTQH9Tt3r8t16pLl/zQNkMTkvl+O4xINB1P63g=",
            "last_login": null,
            "is_superuser": false,
            "first_name": "",
            "last_name": "",
            "is_staff": false,
            "is_active": true,
            "date_joined": "2023-03-12T02:38:17.910Z",
            "username": "user9",
            "phone": "+918900000009",
            "email": "user9@gmail.com",
            "groups": [],
            "user_permissions": []
        }
    },
    {
        "model": "user.authuser",
        "pk": 11,
        "fields": {
            "password": "pbkdf2_sha256$260000$vBMJmQIcW7rnEPHDPwSzjK$eXNbwjVe/ySnZD6Pkj3Q+uJOSFkJykxUCAQORyZ9fTs=",
            "last_login": null,
            "is_superuser": false,
            "first_name": "",
            "last_name": "",
            "is_staff": false,
            "is_active": true,
            "date_joined": "2023-03-12T02:38:57.337Z",
            "username": "user9",
            "phone": "+918900000010",
            "email": "user10@gmail.com",
            "groups": [],
            "user_permissions": []
        }
    }
]